R,G,B,Color
173,164,155,white
165,160,154,white
166,161,155,white
172,167,161,white
164,161,154,white
170,165,159,white
185,182,177,white
194,189,185,white
185,180,176,white
173,164,155,white
165,160,154,white
166,163,156,white
172,167,161,white
163,160,153,white
171,166,160,white
186,181,177,white
194,190,187,white
185,180,176,white
170,166,155,white
165,160,154,white
167,164,157,white
172,167,161,white
163,160,153,white
171,167,158,white
185,182,177,white
193,190,185,white
186,181,177,white
170,166,155,white
165,160,154,white
167,164,157,white
172,167,161,white
163,160,153,white
170,166,157,white
185,182,177,white
192,189,184,white
185,180,176,white
170,166,155,white
165,160,154,white
167,162,156,white
172,167,161,white
163,160,153,white
171,166,160,white
189,180,175,white
193,190,185,white
186,181,177,white
169,165,154,white
164,159,153,white
167,162,158,white
172,167,161,white
161,158,151,white
171,166,160,white
186,183,178,white
194,191,186,white
186,181,177,white
169,165,154,white
164,159,153,white
167,162,158,white
172,167,161,white
161,158,151,white
171,166,160,white
186,183,178,white
194,191,186,white
186,181,177,white
175,166,157,white
167,162,156,white
169,166,159,white
174,169,163,white
166,163,156,white
173,168,162,white
185,188,181,white
194,193,188,white
187,184,179,white
172,168,157,white
167,162,156,white
169,166,159,white
173,170,163,white
166,163,156,white
172,167,161,white
188,185,176,white
194,193,188,white
187,184,179,white
173,168,162,white
168,163,159,white
168,165,160,white
174,171,164,white
160,159,154,white
171,168,161,white
188,185,180,white
191,188,183,white
186,183,178,white
174,169,165,white
167,164,159,white
169,166,159,white
175,172,165,white
161,158,151,white
172,169,162,white
189,186,181,white
187,184,177,white
185,182,177,white
172,169,162,white
166,163,158,white
168,165,160,white
175,172,165,white
165,165,157,white
171,168,161,white
187,184,179,white
183,180,173,white
182,179,172,white
172,169,162,white
166,163,158,white
168,165,158,white
175,172,165,white
160,157,150,white
170,167,160,white
186,183,178,white
182,179,172,white
183,180,173,white
173,170,163,white
167,164,157,white
169,166,159,white
177,174,167,white
161,158,151,white
172,169,162,white
187,184,179,white
182,179,172,white
184,181,176,white
173,170,163,white
167,164,157,white
170,167,162,white
176,173,166,white
159,159,151,white
171,168,161,white
187,184,179,white
181,178,171,white
184,181,176,white
174,171,164,white
168,165,158,white
171,168,163,white
174,173,168,white
160,159,154,white
172,169,162,white
187,184,179,white
180,177,170,white
184,181,176,white
174,173,168,white
168,167,162,white
169,168,163,white
175,174,169,white
160,161,155,white
174,171,164,white
187,186,181,white
181,178,173,white
185,182,177,white
172,171,166,white
167,166,161,white
169,168,163,white
175,174,169,white
161,162,156,white
172,172,164,white
188,187,182,white
181,178,173,white
184,183,178,white
173,172,167,white
167,166,161,white
169,168,164,white
174,173,168,white
160,159,154,white
172,171,166,white
188,187,182,white
180,179,174,white
184,183,178,white
175,174,169,white
169,168,163,white
172,171,167,white
174,173,168,white
172,173,167,white
175,174,169,white
194,193,189,white
183,182,177,white
188,187,182,white
176,175,170,white
171,170,166,white
174,173,169,white
175,176,171,white
167,168,162,white
176,175,170,white
199,198,194,white
183,182,177,white
189,188,184,white
178,177,172,white
173,172,168,white
175,176,171,white
178,179,174,white
168,169,164,white
178,179,173,white
200,199,195,white
184,183,178,white
187,192,186,white
177,176,171,white
172,171,167,white
175,174,170,white
178,179,174,white
167,168,163,white
177,178,172,white
199,198,194,white
183,182,177,white
189,190,184,white
179,178,174,white
173,172,168,white
176,175,171,white
183,184,179,white
170,171,166,white
179,178,173,white
199,198,194,white
189,188,183,white
191,190,185,white
179,178,174,white
173,172,168,white
175,174,170,white
185,186,181,white
173,174,169,white
177,176,171,white
193,192,188,white
189,188,184,white
189,188,184,white
179,178,173,white
174,173,169,white
176,175,171,white
186,185,181,white
171,172,166,white
177,176,171,white
194,193,189,white
190,189,184,white
188,187,182,white
179,176,171,white
172,171,166,white
175,172,167,white
178,177,172,white
169,170,164,white
176,175,170,white
197,196,191,white
194,193,188,white
186,185,180,white
177,174,169,white
170,167,160,white
172,169,162,white
175,172,165,white
166,165,160,white
170,169,164,white
195,194,189,white
191,188,181,white
186,183,178,white
174,171,164,white
168,165,158,white
170,167,162,white
173,170,163,white
163,163,155,white
169,169,161,white
188,187,182,white
182,179,174,white
184,181,176,white
173,170,165,white
167,164,159,white
169,166,161,white
173,170,163,white
164,164,156,white
168,168,160,white
185,182,177,white
180,177,172,white
181,178,173,white
172,167,163,white
166,161,157,white
167,164,159,white
171,168,161,white
161,158,151,white
170,165,159,white
182,179,174,white
177,172,166,white
179,176,169,white
170,165,159,white
164,159,155,white
166,161,157,white
169,166,159,white
159,156,149,white
168,163,157,white
181,178,173,white
178,173,167,white
180,177,172,white
170,165,161,white
164,159,155,white
166,161,157,white
169,164,160,white
158,155,148,white
168,163,157,white
182,177,173,white
181,176,172,white
183,178,174,white
169,164,158,white
163,158,154,white
165,160,156,white
170,165,159,white
162,159,152,white
167,163,154,white
180,177,172,white
190,185,181,white
191,188,183,white
168,163,157,white
162,157,153,white
165,160,156,white
169,164,158,white
161,158,151,white
167,163,154,white
180,177,172,white
180,177,172,white
188,185,180,white
167,162,156,white
162,157,153,white
164,159,155,white
168,165,158,white
160,157,150,white
167,162,156,white
180,177,172,white
176,173,166,white
182,177,173,white
168,163,157,white
163,158,152,white
165,160,156,white
169,164,158,white
163,160,153,white
167,162,156,white
181,178,173,white
177,172,166,white
182,177,173,white
168,163,157,white
163,158,152,white
164,159,155,white
168,163,157,white
152,149,142,white
167,162,156,white
180,177,172,white
176,173,166,white
181,176,170,white
168,163,157,white
163,158,152,white
164,159,155,white
165,162,155,white
161,158,151,white
167,162,156,white
181,178,173,white
177,174,167,white
180,175,169,white
167,164,157,white
162,159,152,white
165,160,156,white
166,163,156,white
161,158,151,white
168,163,157,white
183,182,177,white
177,174,167,white
180,177,170,white
160,167,1,yellow
156,163,0,yellow
160,167,1,yellow
161,168,0,yellow
157,165,0,yellow
162,169,1,yellow
184,190,4,yellow
177,185,1,yellow
173,181,0,yellow
162,169,1,yellow
160,167,1,yellow
164,172,1,yellow
165,173,0,yellow
159,168,0,yellow
164,172,1,yellow
184,190,2,yellow
180,186,0,yellow
175,183,1,yellow
162,169,1,yellow
160,167,1,yellow
164,172,1,yellow
163,171,0,yellow
158,167,0,yellow
164,171,3,yellow
186,192,4,yellow
178,187,0,yellow
174,182,0,yellow
162,169,1,yellow
160,167,1,yellow
162,170,0,yellow
164,172,0,yellow
158,167,0,yellow
163,172,3,yellow
186,192,4,yellow
177,185,1,yellow
174,182,0,yellow
162,169,1,yellow
158,165,0,yellow
161,168,0,yellow
163,171,0,yellow
158,167,0,yellow
163,172,3,yellow
185,191,3,yellow
176,184,0,yellow
174,182,0,yellow
162,169,1,yellow
159,166,0,yellow
161,170,0,yellow
163,170,2,yellow
158,167,0,yellow
164,172,0,yellow
184,191,0,yellow
173,180,2,yellow
174,182,0,yellow
163,171,0,yellow
160,167,1,yellow
164,172,1,yellow
164,172,1,yellow
159,167,2,yellow
165,173,0,yellow
182,188,0,yellow
172,179,1,yellow
175,183,1,yellow
166,172,0,yellow
161,170,1,yellow
166,174,3,yellow
164,174,0,yellow
161,170,3,yellow
165,175,0,yellow
187,189,2,yellow
170,179,0,yellow
174,184,1,yellow
166,172,0,yellow
161,170,1,yellow
164,174,0,yellow
166,176,1,yellow
158,171,3,yellow
167,177,2,yellow
186,188,1,yellow
171,180,1,yellow
174,184,1,yellow
166,174,0,yellow
163,172,1,yellow
166,176,2,yellow
168,179,1,yellow
159,172,4,yellow
167,177,2,yellow
184,189,0,yellow
171,182,2,yellow
175,185,0,yellow
168,177,0,yellow
164,173,2,yellow
167,178,0,yellow
170,180,0,yellow
161,174,0,yellow
165,178,3,yellow
188,189,0,yellow
171,182,2,yellow
176,187,0,yellow
168,177,0,yellow
165,175,1,yellow
167,178,0,yellow
172,180,0,yellow
160,173,0,yellow
165,178,3,yellow
188,191,0,yellow
172,184,0,yellow
178,189,1,yellow
167,175,1,yellow
161,173,1,yellow
167,177,3,yellow
169,178,0,yellow
162,171,0,yellow
161,178,0,yellow
185,190,0,yellow
169,180,2,yellow
175,187,1,yellow
165,173,0,yellow
160,174,1,yellow
165,175,1,yellow
172,177,0,yellow
163,172,1,yellow
162,176,0,yellow
186,189,0,yellow
168,179,1,yellow
172,184,0,yellow
162,172,0,yellow
158,170,0,yellow
164,173,2,yellow
162,175,0,yellow
156,170,0,yellow
162,175,0,yellow
181,187,1,yellow
168,178,3,yellow
171,182,2,yellow
158,170,0,yellow
156,165,0,yellow
161,170,0,yellow
160,172,2,yellow
154,167,2,yellow
161,171,0,yellow
177,185,3,yellow
168,178,3,yellow
171,182,2,yellow
158,167,0,yellow
153,164,0,yellow
160,169,0,yellow
157,169,0,yellow
153,166,1,yellow
161,170,0,yellow
177,186,0,yellow
169,179,4,yellow
170,179,0,yellow
157,166,0,yellow
156,164,0,yellow
160,169,0,yellow
157,169,1,yellow
154,165,1,yellow
160,169,0,yellow
179,188,1,yellow
171,180,0,yellow
170,179,2,yellow
157,165,0,yellow
154,165,0,yellow
159,168,0,yellow
158,166,1,yellow
153,164,0,yellow
161,170,3,yellow
180,186,2,yellow
175,183,1,yellow
170,179,2,yellow
156,164,0,yellow
151,162,0,yellow
158,167,0,yellow
157,166,0,yellow
152,163,0,yellow
160,169,2,yellow
174,182,0,yellow
174,182,1,yellow
169,178,1,yellow
156,165,0,yellow
153,161,0,yellow
157,166,0,yellow
159,167,2,yellow
151,163,1,yellow
160,169,2,yellow
173,180,2,yellow
167,178,0,yellow
171,178,2,yellow
160,167,1,yellow
155,163,0,yellow
160,167,1,yellow
161,168,2,yellow
156,164,3,yellow
160,167,1,yellow
175,183,1,yellow
168,176,2,yellow
172,179,3,yellow
161,166,1,yellow
156,163,0,yellow
159,166,0,yellow
160,167,1,yellow
155,163,2,yellow
159,168,0,yellow
175,183,1,yellow
168,176,3,yellow
170,179,2,yellow
161,167,0,yellow
155,161,0,yellow
159,166,0,yellow
162,168,0,yellow
155,163,0,yellow
159,168,1,yellow
177,181,0,yellow
167,175,2,yellow
168,179,1,yellow
162,165,0,yellow
153,161,0,yellow
158,167,0,yellow
162,167,2,yellow
153,161,0,yellow
161,169,0,yellow
177,180,1,yellow
166,174,1,yellow
167,175,1,yellow
164,165,0,yellow
154,162,0,yellow
159,168,1,yellow
162,168,0,yellow
154,162,0,yellow
161,167,0,yellow
177,180,1,yellow
166,174,1,yellow
166,176,1,yellow
162,163,0,yellow
154,162,0,yellow
159,167,2,yellow
163,166,1,yellow
152,160,0,yellow
158,163,1,yellow
178,177,1,yellow
164,172,1,yellow
165,172,6,yellow
161,164,0,yellow
155,161,0,yellow
159,167,2,yellow
164,167,2,yellow
155,162,4,yellow
159,167,0,yellow
174,177,0,yellow
165,173,2,yellow
166,174,0,yellow
158,163,0,yellow
155,161,1,yellow
159,166,1,yellow
159,166,1,yellow
150,160,1,yellow
161,168,2,yellow
173,177,2,yellow
165,173,2,yellow
167,174,0,yellow
157,162,0,yellow
155,161,1,yellow
156,162,0,yellow
157,163,1,yellow
151,161,2,yellow
157,164,0,yellow
172,176,1,yellow
164,172,1,yellow
167,174,0,yellow
154,162,0,yellow
152,160,0,yellow
157,164,0,yellow
156,164,1,yellow
150,160,1,yellow
157,164,0,yellow
169,178,1,yellow
163,171,0,yellow
169,176,2,yellow
154,162,1,yellow
152,160,0,yellow
156,162,0,yellow
156,164,1,yellow
150,160,1,yellow
158,165,0,yellow
169,177,3,yellow
165,173,2,yellow
169,176,2,yellow
152,160,0,yellow
152,160,0,yellow
154,160,0,yellow
156,164,1,yellow
150,160,0,yellow
157,163,1,yellow
168,176,2,yellow
164,172,1,yellow
169,176,2,yellow
152,160,0,yellow
152,160,0,yellow
154,160,0,yellow
158,164,2,yellow
150,160,1,yellow
157,163,1,yellow
168,176,2,yellow
163,171,0,yellow
168,174,2,yellow
155,161,0,yellow
154,160,0,yellow
155,161,1,yellow
159,166,1,yellow
150,160,0,yellow
160,167,0,yellow
171,178,2,yellow
165,173,0,yellow
169,176,2,yellow
156,162,0,yellow
153,161,0,yellow
155,161,0,yellow
159,166,0,yellow
150,160,0,yellow
159,166,0,yellow
170,177,1,yellow
164,172,0,yellow
171,178,4,yellow
154,160,0,yellow
152,160,0,yellow
155,161,1,yellow
158,165,0,yellow
153,161,0,yellow
158,165,0,yellow
170,177,1,yellow
164,172,0,yellow
169,176,2,yellow
154,160,0,yellow
152,160,0,yellow
155,161,1,yellow
157,163,1,yellow
152,160,0,yellow
157,164,0,yellow
170,177,3,yellow
164,172,1,yellow
168,175,1,yellow
155,162,0,yellow
155,161,1,yellow
155,161,0,yellow
160,165,0,yellow
152,160,0,yellow
159,166,0,yellow
171,178,2,yellow
165,173,0,yellow
170,177,3,yellow
158,165,0,yellow
155,161,0,yellow
158,165,0,yellow
160,167,2,yellow
155,163,2,yellow
160,167,2,yellow
172,179,1,yellow
167,175,2,yellow
171,178,2,yellow
214,54,40,red
212,52,36,red
213,50,33,red
216,56,40,red
211,52,33,red
214,55,36,red
222,70,56,red
221,71,56,red
223,73,58,red
214,54,40,red
212,52,36,red
211,48,31,red
216,56,40,red
211,52,33,red
215,54,36,red
222,70,56,red
221,74,58,red
224,74,59,red
215,55,41,red
212,52,36,red
211,50,32,red
216,56,40,red
211,52,33,red
215,54,36,red
222,70,56,red
220,73,57,red
222,72,57,red
214,57,42,red
212,52,38,red
211,50,32,red
215,55,39,red
211,52,33,red
215,54,36,red
222,70,56,red
221,73,59,red
225,73,59,red
215,58,43,red
212,52,36,red
211,50,32,red
214,54,38,red
211,52,33,red
214,54,38,red
222,70,56,red
222,74,60,red
224,74,59,red
214,57,42,red
212,52,36,red
211,49,34,red
214,54,38,red
210,51,32,red
211,54,45,red
224,71,57,red
219,73,58,red
223,72,55,red
215,58,43,red
213,53,39,red
212,50,35,red
216,56,40,red
212,51,33,red
216,54,43,red
225,73,59,red
221,77,66,red
221,80,62,red
213,56,41,red
211,54,39,red
213,51,36,red
214,57,40,red
211,54,35,red
219,55,45,red
224,78,65,red
219,93,81,red
225,77,63,red
212,55,40,red
210,53,36,red
213,53,37,red
214,57,40,red
212,56,34,red
218,58,46,red
224,86,75,red
229,137,124,red
223,77,64,red
211,54,37,red
209,54,36,red
214,54,40,red
214,59,39,red
211,56,34,red
217,62,44,red
225,106,98,red
233,146,136,red
220,77,63,red
212,55,38,red
210,55,37,red
214,57,42,red
214,59,39,red
213,58,36,red
212,65,49,red
229,126,117,red
230,122,110,red
221,80,62,red
212,55,38,red
213,58,40,red
212,62,45,red
214,59,39,red
213,61,38,red
224,65,59,red
228,104,96,red
222,82,67,red
221,78,61,red
214,54,38,red
213,58,40,red
217,72,55,red
214,62,41,red
215,63,40,red
221,88,69,red
226,96,83,red
221,80,62,red
223,78,61,red
213,56,41,red
212,59,41,red
216,73,56,red
214,63,44,red
218,66,43,red
221,92,73,red
224,94,81,red
224,83,65,red
223,78,61,red
215,58,43,red
212,59,41,red
218,73,56,red
213,67,44,red
214,68,45,red
219,86,67,red
223,93,80,red
224,84,69,red
223,78,61,red
215,60,42,red
213,60,44,red
217,72,55,red
215,68,50,red
217,75,55,red
219,77,57,red
225,95,82,red
220,87,70,red
223,78,61,red
216,61,43,red
212,61,44,red
214,67,51,red
214,71,54,red
214,77,58,red
218,73,56,red
222,95,80,red
221,88,73,red
221,78,61,red
214,59,41,red
212,59,43,red
216,63,49,red
213,63,46,red
212,65,45,red
215,70,51,red
225,95,82,red
221,88,73,red
220,77,60,red
214,59,41,red
210,57,41,red
214,59,41,red
212,59,41,red
212,60,39,red
212,65,47,red
225,107,97,red
225,104,95,red
219,76,59,red
213,57,42,red
208,55,37,red
211,54,37,red
211,58,40,red
210,55,35,red
212,59,41,red
223,99,89,red
223,126,117,red
219,79,62,red
209,56,42,red
207,54,36,red
209,52,35,red
208,55,37,red
209,54,32,red
213,58,38,red
218,78,63,red
215,88,73,red
220,77,63,red
209,56,42,red
206,53,35,red
208,51,36,red
210,55,37,red
207,52,30,red
211,56,36,red
217,72,55,red
219,73,60,red
215,72,55,red
212,60,46,red
210,54,39,red
210,53,38,red
211,56,38,red
209,54,32,red
213,56,37,red
219,72,54,red
220,70,53,red
219,72,54,red
212,59,45,red
210,54,39,red
213,53,39,red
211,58,40,red
210,55,33,red
211,56,36,red
220,69,52,red
219,68,49,red
221,70,51,red
212,59,45,red
210,54,39,red
212,52,38,red
211,60,43,red
209,53,31,red
212,53,34,red
219,66,48,red
218,61,42,red
221,66,46,red
210,57,43,red
208,52,37,red
211,51,37,red
211,60,43,red
207,51,29,red
211,52,33,red
221,66,48,red
216,59,40,red
220,63,44,red
211,55,42,red
208,51,36,red
211,51,37,red
211,58,42,red
207,51,29,red
210,51,30,red
221,66,48,red
216,59,40,red
219,62,43,red
211,55,42,red
208,51,36,red
210,50,36,red
211,58,42,red
206,50,28,red
210,51,32,red
218,69,49,red
216,59,42,red
220,61,42,red
209,53,38,red
207,50,35,red
209,49,35,red
212,56,41,red
205,49,27,red
210,49,31,red
220,67,51,red
216,56,40,red
217,58,39,red
210,53,38,red
207,50,35,red
208,48,36,red
211,56,38,red
207,48,29,red
209,48,30,red
220,67,51,red
215,56,37,red
218,57,39,red
209,52,37,red
208,51,36,red
208,48,36,red
211,55,40,red
204,47,28,red
209,47,32,red
219,68,49,red
214,55,36,red
217,56,38,red
206,50,35,red
205,49,34,red
205,47,35,red
210,54,39,red
203,46,29,red
206,46,30,red
219,64,46,red
213,54,35,red
216,50,34,red
206,50,35,red
207,51,36,red
206,50,35,red
210,55,37,red
204,47,30,red
209,49,33,red
218,62,47,red
213,54,35,red
214,50,38,red
207,50,35,red
206,53,39,red
218,78,65,red
208,53,33,red
206,50,35,red
233,94,75,red
219,58,50,red
213,51,36,red
212,52,38,red
207,50,35,red
206,53,39,red
219,79,66,red
206,53,37,red
205,49,34,red
235,98,80,red
218,59,40,red
215,50,28,red
213,51,36,red
205,48,33,red
207,51,38,red
206,53,37,red
209,52,35,red
204,47,28,red
208,51,34,red
214,61,43,red
211,52,31,red
216,49,33,red
207,51,36,red
204,51,35,red
208,48,32,red
209,54,36,red
204,47,28,red
208,49,28,red
219,64,46,red
214,55,34,red
218,53,34,red
210,53,38,red
208,51,36,red
210,48,35,red
213,56,39,red
208,49,28,red
214,49,30,red
224,69,49,red
216,57,36,red
219,58,38,red
213,56,41,red
212,52,36,red
212,50,35,red
217,60,43,red
211,51,29,red
214,51,32,red
226,71,51,red
217,58,37,red
220,59,39,red
215,58,41,red
213,54,35,red
213,51,36,red
215,64,43,red
212,53,31,red
214,54,32,red
225,68,51,red
219,60,39,red
224,65,44,red
223,109,10,orange
221,108,4,orange
230,114,11,orange
225,114,9,orange
222,114,6,orange
230,119,11,orange
237,140,35,orange
236,157,80,orange
240,135,26,orange
222,108,9,orange
222,109,7,orange
229,113,10,orange
227,116,9,orange
222,113,8,orange
230,120,9,orange
238,142,40,orange
239,159,88,orange
242,139,20,orange
222,108,9,orange
222,109,7,orange
226,113,9,orange
225,114,9,orange
222,114,5,orange
230,119,11,orange
237,141,38,orange
235,157,72,orange
241,137,24,orange
222,108,9,orange
222,109,7,orange
226,113,9,orange
227,116,11,orange
221,113,5,orange
227,119,11,orange
235,144,37,orange
237,155,79,orange
238,138,18,orange
221,107,8,orange
222,109,7,orange
226,113,11,orange
226,115,10,orange
220,114,2,orange
228,120,9,orange
235,146,44,orange
235,153,71,orange
236,137,18,orange
222,108,9,orange
221,108,6,orange
225,112,10,orange
226,115,10,orange
222,114,6,orange
228,120,11,orange
238,147,54,orange
237,154,74,orange
234,139,23,orange
222,110,10,orange
223,111,9,orange
226,114,12,orange
226,118,10,orange
223,117,8,orange
230,124,12,orange
242,156,73,orange
237,144,41,orange
238,139,22,orange
223,111,11,orange
222,113,8,orange
225,116,11,orange
226,118,10,orange
223,117,8,orange
230,126,11,orange
245,163,87,orange
233,137,25,orange
238,142,29,orange
224,112,12,orange
224,115,10,orange
226,117,12,orange
228,122,13,orange
223,119,6,orange
229,125,10,orange
244,163,82,orange
236,134,23,orange
238,148,34,orange
225,116,11,orange
226,119,13,orange
231,127,16,orange
227,127,16,orange
224,124,13,orange
232,132,18,orange
242,149,53,orange
236,135,19,orange
240,142,17,orange
229,120,15,orange
233,121,9,orange
223,136,21,orange
231,140,35,orange
222,126,14,orange
235,140,22,orange
240,147,41,orange
235,136,17,orange
238,144,18,orange
228,122,13,orange
222,129,10,orange
235,127,19,orange
232,141,52,orange
228,127,23,orange
234,140,26,orange
243,148,42,orange
233,138,18,orange
242,144,21,orange
229,123,14,orange
228,127,9,orange
230,126,29,orange
236,142,42,orange
229,129,15,orange
238,139,22,orange
240,149,42,orange
235,140,22,orange
243,147,24,orange
228,122,13,orange
232,128,15,orange
230,130,16,orange
234,144,47,orange
226,130,18,orange
233,139,23,orange
240,149,42,orange
235,141,25,orange
242,146,23,orange
228,122,13,orange
230,126,13,orange
232,131,17,orange
235,146,52,orange
227,132,24,orange
236,136,22,orange
238,150,40,orange
237,143,30,orange
242,147,19,orange
226,120,11,orange
227,123,10,orange
233,131,23,orange
229,136,32,orange
227,138,36,orange
233,136,23,orange
241,145,42,orange
238,142,30,orange
246,146,22,orange
223,116,10,orange
225,119,9,orange
230,124,15,orange
225,125,13,orange
222,126,13,orange
229,132,17,orange
239,149,37,orange
237,142,32,orange
248,148,37,orange
222,115,9,orange
224,118,9,orange
228,120,11,orange
226,122,7,orange
223,124,7,orange
232,128,15,orange
236,160,76,orange
237,142,48,orange
238,147,30,orange
219,111,10,orange
221,114,8,orange
225,118,12,orange
226,118,7,orange
220,119,1,orange
228,124,13,orange
238,149,45,orange
227,132,26,orange
233,142,28,orange
217,107,12,orange
216,106,9,orange
220,112,14,orange
219,111,3,orange
218,112,3,orange
224,119,12,orange
238,134,23,orange
232,127,12,orange
229,131,20,orange
217,107,12,orange
216,106,9,orange
221,111,14,orange
221,109,7,orange
218,111,5,orange
224,118,9,orange
237,133,18,orange
232,127,10,orange
231,132,15,orange
220,107,13,orange
216,108,10,orange
221,111,16,orange
221,112,11,orange
217,110,4,orange
226,115,8,orange
236,131,26,orange
227,122,15,orange
234,129,14,orange
221,108,12,orange
222,109,13,orange
224,112,12,orange
224,112,10,orange
221,114,8,orange
225,117,8,orange
238,138,26,orange
231,133,24,orange
233,133,22,orange
225,109,10,orange
223,111,11,orange
225,113,11,orange
227,116,11,orange
220,113,9,orange
227,117,6,orange
239,139,28,orange
233,142,37,orange
232,136,16,orange
221,109,9,orange
223,111,11,orange
224,111,9,orange
225,114,7,orange
220,111,6,orange
227,117,6,orange
237,134,29,orange
233,133,22,orange
235,132,14,orange
218,105,9,orange
220,108,6,orange
222,110,10,orange
221,110,5,orange
217,110,6,orange
226,115,10,orange
236,132,21,orange
229,121,10,orange
231,126,11,orange
216,103,9,orange
215,102,6,orange
220,107,11,orange
218,106,6,orange
215,106,5,orange
223,111,11,orange
228,121,7,orange
225,117,6,orange
229,121,10,orange
215,102,10,orange
214,101,7,orange
220,105,12,orange
217,105,5,orange
214,104,7,orange
222,110,10,orange
227,119,8,orange
225,115,4,orange
230,120,9,orange
213,99,10,orange
214,99,6,orange
218,104,8,orange
214,102,4,orange
212,102,5,orange
221,109,9,orange
226,118,7,orange
223,112,5,orange
226,118,7,orange
214,100,11,orange
214,99,6,orange
221,104,9,orange
217,105,7,orange
215,103,5,orange
221,107,8,orange
227,117,6,orange
223,112,5,orange
228,118,7,orange
214,100,11,orange
214,99,6,orange
220,103,8,orange
221,104,9,orange
213,101,3,orange
222,109,7,orange
228,117,9,orange
228,111,8,orange
224,120,7,orange
214,99,10,orange
214,99,6,orange
219,102,7,orange
219,105,8,orange
213,100,4,orange
221,108,6,orange
231,116,9,orange
224,112,0,orange
226,120,8,orange
214,99,10,orange
215,98,5,orange
219,102,9,orange
219,105,8,orange
213,100,4,orange
221,107,8,orange
231,116,9,orange
226,109,6,orange
225,119,9,orange
213,98,9,orange
212,97,6,orange
218,101,8,orange
219,103,4,orange
212,99,5,orange
219,105,8,orange
230,115,8,orange
221,110,3,orange
226,116,5,orange
212,96,9,orange
212,97,6,orange
217,100,7,orange
218,102,3,orange
213,100,6,orange
221,105,6,orange
226,115,8,orange
220,109,2,orange
230,115,8,orange
215,100,9,orange
215,100,7,orange
219,103,4,orange
220,104,5,orange
215,103,3,orange
222,109,7,orange
230,120,9,orange
225,114,6,orange
229,119,8,orange
216,101,8,orange
216,103,7,orange
223,106,10,orange
219,106,4,orange
217,105,3,orange
223,112,7,orange
231,121,8,orange
225,115,4,orange
228,120,9,orange
216,102,5,orange
219,105,6,orange
222,108,9,orange
221,108,6,orange
217,105,3,orange
224,113,8,orange
229,122,8,orange
226,118,7,orange
230,123,9,orange
216,101,8,orange
218,105,3,orange
223,110,14,orange
219,106,4,orange
218,106,4,orange
224,113,6,orange
229,121,10,orange
225,117,6,orange
231,123,12,orange
218,105,11,orange
219,106,4,orange
227,113,16,orange
221,110,5,orange
219,110,5,orange
228,118,7,orange
232,128,15,orange
232,126,16,orange
237,133,20,orange
8,111,188,blue
10,107,186,blue
15,110,192,blue
17,112,196,blue
38,109,201,blue
31,112,203,blue
55,129,216,blue
67,129,216,blue
39,122,214,blue
5,111,187,blue
11,108,187,blue
18,110,193,blue
17,114,195,blue
44,108,205,blue
33,112,204,blue
57,128,218,blue
66,130,217,blue
38,123,214,blue
6,112,186,blue
11,108,187,blue
21,110,194,blue
18,113,197,blue
40,109,204,blue
35,112,204,blue
55,129,216,blue
65,129,216,blue
39,122,214,blue
5,111,185,blue
11,108,187,blue
22,111,195,blue
18,113,193,blue
42,106,203,blue
35,112,204,blue
56,130,217,blue
63,127,214,blue
39,122,214,blue
6,108,183,blue
11,108,187,blue
31,110,202,blue
17,112,196,blue
43,109,205,blue
35,112,204,blue
58,129,217,blue
61,125,212,blue
37,120,212,blue
7,109,184,blue
11,108,185,blue
35,110,203,blue
16,111,195,blue
44,109,201,blue
35,112,202,blue
58,129,217,blue
60,124,211,blue
37,120,212,blue
7,109,184,blue
10,107,186,blue
48,115,206,blue
25,111,198,blue
52,113,204,blue
37,114,204,blue
57,129,214,blue
59,123,210,blue
34,122,212,blue
7,110,187,blue
11,111,189,blue
46,115,206,blue
52,117,207,blue
49,113,203,blue
43,117,204,blue
59,128,219,blue
56,122,209,blue
33,122,212,blue
4,112,187,blue
11,112,190,blue
35,114,206,blue
73,130,217,blue
38,113,206,blue
44,118,205,blue
63,135,219,blue
51,122,212,blue
28,124,211,blue
4,114,189,blue
9,112,189,blue
31,115,205,blue
43,119,207,blue
38,113,204,blue
43,120,208,blue
70,140,225,blue
65,131,217,blue
28,128,216,blue
4,116,192,blue
7,115,190,blue
28,116,205,blue
38,118,207,blue
38,113,206,blue
34,119,209,blue
89,155,231,blue
77,144,222,blue
22,131,216,blue
5,118,194,blue
8,115,193,blue
29,121,208,blue
34,119,209,blue
39,116,208,blue
31,121,209,blue
115,169,231,blue
94,153,219,blue
25,131,217,blue
6,119,195,blue
9,116,194,blue
44,119,210,blue
33,121,208,blue
37,116,208,blue
27,121,208,blue
140,182,232,blue
109,159,222,blue
21,131,216,blue
6,118,194,blue
9,116,194,blue
34,118,208,blue
36,122,209,blue
37,117,206,blue
25,124,209,blue
155,188,231,blue
121,165,226,blue
19,131,213,blue
8,118,193,blue
12,115,194,blue
26,118,205,blue
38,122,210,blue
41,118,208,blue
28,122,209,blue
155,188,233,blue
134,177,232,blue
23,129,217,blue
8,118,193,blue
11,114,193,blue
24,116,203,blue
33,117,207,blue
40,115,208,blue
28,120,207,blue
156,190,235,blue
132,172,224,blue
22,128,216,blue
6,116,191,blue
9,112,189,blue
19,115,201,blue
27,115,204,blue
40,114,203,blue
29,119,207,blue
107,162,227,blue
94,149,216,blue
29,127,214,blue
3,113,188,blue
10,112,187,blue
16,115,196,blue
37,114,202,blue
83,134,213,blue
32,116,206,blue
53,133,220,blue
65,131,217,blue
28,126,213,blue
6,109,184,blue
9,109,185,blue
14,111,190,blue
15,112,193,blue
38,107,200,blue
31,112,201,blue
52,128,216,blue
65,129,216,blue
31,122,211,blue
3,109,183,blue
10,107,184,blue
9,109,187,blue
13,110,187,blue
25,107,193,blue
25,109,197,blue
79,144,224,blue
103,150,222,blue
37,121,211,blue
6,106,182,blue
9,105,181,blue
8,109,181,blue
13,110,187,blue
13,106,183,blue
27,108,197,blue
88,141,219,blue
132,163,218,blue
41,121,208,blue
6,105,188,blue
8,104,181,blue
30,95,195,blue
16,108,185,blue
18,104,177,blue
27,112,195,blue
72,134,217,blue
87,135,217,blue
43,120,208,blue
15,100,190,blue
22,101,178,blue
24,101,183,blue
16,107,190,blue
3,102,185,blue
49,102,180,blue
63,128,212,blue
55,112,202,blue
46,121,212,blue
24,103,182,blue
21,97,173,blue
18,101,195,blue
7,106,174,blue
0,100,180,blue
19,110,191,blue
72,133,222,blue
36,112,208,blue
55,123,206,blue
23,105,189,blue
22,102,175,blue
9,104,184,blue
39,116,194,blue
13,100,180,blue
7,113,191,blue
53,121,202,blue
37,112,193,blue
30,122,207,blue
7,103,179,blue
13,109,186,blue
12,102,188,blue
8,110,192,blue
17,110,203,blue
15,112,183,blue
86,150,248,blue
54,118,205,blue
29,124,214,blue
3,105,180,blue
11,106,186,blue
11,112,192,blue
11,113,188,blue
19,110,191,blue
13,115,187,blue
47,123,199,blue
62,124,211,blue
32,126,216,blue
6,108,182,blue
12,109,188,blue
16,113,194,blue
20,112,195,blue
36,110,197,blue
13,114,194,blue
31,127,203,blue
53,130,220,blue
34,130,214,blue
6,109,184,blue
10,110,188,blue
31,112,203,blue
16,113,194,blue
31,112,203,blue
12,115,194,blue
44,125,214,blue
49,123,218,blue
38,132,220,blue
5,108,183,blue
8,110,185,blue
27,111,197,blue
12,111,192,blue
28,112,200,blue
11,117,193,blue
56,127,215,blue
45,122,214,blue
60,133,225,blue
5,108,183,blue
8,110,185,blue
16,111,193,blue
9,115,189,blue
21,109,198,blue
14,117,196,blue
69,135,221,blue
45,120,213,blue
98,155,224,blue
5,108,183,blue
6,108,183,blue
14,109,191,blue
6,113,185,blue
14,109,189,blue
17,114,195,blue
80,139,217,blue
41,116,209,blue
84,146,219,blue
6,108,183,blue
6,106,182,blue
16,108,191,blue
5,112,184,blue
10,110,188,blue
17,112,192,blue
60,130,218,blue
38,119,208,blue
52,122,217,blue
5,107,182,blue
5,105,181,blue
18,107,191,blue
7,111,184,blue
10,110,188,blue
19,112,190,blue
52,125,217,blue
34,120,207,blue
50,123,215,blue
6,106,182,blue
6,106,181,blue
21,105,191,blue
6,108,182,blue
9,109,185,blue
21,109,196,blue
40,124,214,blue
38,115,205,blue
48,129,211,blue
4,106,181,blue
9,106,183,blue
18,107,191,blue
9,111,185,blue
15,108,186,blue
20,111,194,blue
52,128,214,blue
37,118,209,blue
41,129,218,blue
6,108,183,blue
10,107,184,blue
16,108,191,blue
10,112,187,blue
14,110,187,blue
16,112,196,blue
66,132,218,blue
42,119,211,blue
67,137,223,blue
6,108,183,blue
10,107,184,blue
12,109,190,blue
10,112,186,blue
16,108,191,blue
21,113,198,blue
83,142,220,blue
44,118,207,blue
102,155,223,blue
6,109,184,blue
11,108,187,blue
9,112,191,blue
11,111,187,blue
21,109,196,blue
32,116,204,blue
103,156,226,blue
46,122,210,blue
72,138,222,blue
3,111,186,blue
9,111,186,blue
7,113,191,blue
12,113,191,blue
22,110,199,blue
42,119,207,blue
77,142,224,blue
46,123,211,blue
44,129,220,blue
1,156,2,green
0,154,0,green
1,156,0,green
1,161,3,green
0,159,1,green
1,162,6,green
1,171,10,green
0,168,10,green
1,172,18,green
1,156,2,green
0,154,0,green
2,157,1,green
1,161,3,green
0,158,0,green
0,160,4,green
1,172,6,green
0,170,11,green
0,171,17,green
1,156,2,green
0,154,0,green
2,157,1,green
1,161,3,green
0,158,0,green
0,161,5,green
1,171,10,green
0,169,10,green
0,171,17,green
1,156,2,green
0,154,0,green
1,156,0,green
2,160,5,green
0,158,0,green
0,160,4,green
1,171,10,green
0,169,14,green
1,172,18,green
1,156,2,green
0,154,0,green
1,156,0,green
2,160,5,green
0,157,0,green
1,160,5,green
2,172,13,green
0,168,13,green
0,171,17,green
1,154,1,green
0,154,0,green
1,156,0,green
2,160,5,green
0,157,0,green
0,161,5,green
2,172,11,green
0,169,14,green
0,170,19,green
1,154,1,green
0,154,0,green
1,156,0,green
1,159,4,green
0,158,1,green
0,161,5,green
1,171,10,green
4,169,17,green
0,171,17,green
1,154,1,green
0,154,0,green
1,156,0,green
1,159,4,green
0,157,3,green
0,162,7,green
1,171,10,green
0,169,14,green
0,171,15,green
1,156,0,green
0,155,0,green
2,157,1,green
1,159,2,green
0,161,19,green
1,166,14,green
1,173,13,green
1,170,15,green
0,172,12,green
2,157,1,green
2,157,1,green
1,159,0,green
0,164,5,green
12,170,47,green
2,167,5,green
1,176,23,green
2,172,21,green
1,173,9,green
2,157,1,green
2,157,1,green
2,160,1,green
0,164,5,green
3,171,34,green
0,165,3,green
0,176,29,green
2,172,21,green
1,174,7,green
2,160,1,green
1,161,1,green
0,165,1,green
1,166,4,green
2,166,17,green
1,166,2,green
0,184,44,green
1,178,28,green
2,176,3,green
2,160,1,green
1,161,0,green
0,165,1,green
0,166,4,green
1,166,10,green
2,169,4,green
16,187,59,green
1,181,30,green
0,178,5,green
0,165,1,green
0,165,0,green
0,169,4,green
1,169,12,green
1,168,3,green
1,171,4,green
53,199,88,green
16,186,51,green
0,182,2,green
0,165,1,green
0,166,1,green
1,172,16,green
2,171,16,green
2,169,4,green
1,171,4,green
72,204,102,green
49,193,80,green
3,182,2,green
1,168,3,green
0,167,2,green
1,172,16,green
1,174,30,green
1,170,7,green
3,174,7,green
87,207,109,green
42,199,86,green
1,185,3,green
1,171,12,green
0,171,5,green
1,172,8,green
12,183,68,green
0,175,20,green
1,176,9,green
52,203,90,green
3,196,51,green
0,189,5,green
1,175,24,green
0,172,8,green
0,176,7,green
83,206,116,green
2,186,52,green
3,180,12,green
1,193,48,green
2,187,21,green
0,189,0,green
1,177,32,green
0,173,13,green
0,176,7,green
78,201,110,green
15,190,63,green
2,180,8,green
0,191,34,green
0,186,17,green
0,189,5,green
1,178,35,green
1,175,18,green
0,178,6,green
65,205,106,green
33,194,80,green
0,179,8,green
0,190,30,green
0,186,15,green
1,187,0,green
7,172,33,green
0,174,18,green
2,175,8,green
71,193,106,green
33,188,86,green
0,179,7,green
1,189,30,green
2,185,19,green
1,185,0,green
0,173,32,green
0,175,23,green
0,175,6,green
93,215,114,green
35,192,77,green
4,176,14,green
0,187,28,green
1,182,27,green
0,185,3,green
0,173,13,green
9,167,18,green
3,170,4,green
5,152,20,green
12,177,38,green
0,177,9,green
2,188,45,green
1,183,46,green
0,183,9,green
8,166,9,green
5,166,8,green
2,169,4,green
4,143,14,green
1,151,0,green
0,176,0,green
19,194,67,green
43,193,85,green
1,180,16,green
4,164,4,green
9,160,7,green
0,168,7,green
6,164,25,green
4,154,7,green
0,172,0,green
49,198,82,green
59,188,85,green
0,180,21,green
3,161,4,green
0,160,0,green
2,163,7,green
2,167,15,green
0,163,4,green
0,169,0,green
57,192,89,green
37,183,76,green
2,177,24,green
0,160,4,green
0,158,1,green
0,161,3,green
3,160,9,green
3,161,6,green
0,165,3,green
29,188,69,green
3,173,48,green
0,174,21,green
0,155,1,green
0,154,0,green
2,157,1,green
0,160,2,green
4,165,25,green
0,160,2,green
2,172,21,green
0,168,21,green
1,171,10,green
0,153,0,green
0,153,0,green
0,153,0,green
1,154,1,green
2,157,4,green
3,157,1,green
3,169,9,green
0,167,15,green
2,167,5,green
2,153,0,green
1,152,0,green
0,153,0,green
0,153,0,green
2,153,0,green
2,155,2,green
3,169,9,green
0,166,24,green
2,167,5,green
2,152,3,green
0,151,0,green
0,153,0,green
2,153,0,green
2,153,0,green
2,155,2,green
3,168,12,green
9,170,41,green
0,167,9,green
0,150,1,green
1,149,1,green
2,153,0,green
2,153,0,green
1,149,1,green
2,153,0,green
0,169,16,green
41,172,58,green
0,167,18,green
1,149,1,green
1,149,1,green
1,151,2,green
2,152,1,green
2,150,2,green
2,153,0,green
2,167,11,green
6,167,38,green
1,165,17,green
1,149,1,green
0,148,0,green
1,151,2,green
3,151,3,green
1,149,1,green
2,153,0,green
2,168,10,green
0,166,24,green
0,165,13,green
1,149,1,green
0,148,0,green
1,151,2,green
3,151,3,green
0,148,0,green
2,153,0,green
1,165,8,green
0,163,18,green
1,164,9,green
1,149,1,green
0,148,0,green
0,150,1,green
3,151,3,green
1,149,1,green
2,152,1,green
2,166,7,green
2,163,8,green
1,165,6,green
2,150,2,green
1,149,1,green
0,150,1,green
2,150,0,green
1,149,1,green
2,153,0,green
3,165,4,green
2,163,7,green
4,166,5,green
0,148,0,green
1,149,1,green
1,151,2,green
2,152,1,green
1,149,1,green
2,153,0,green
2,164,3,green
0,164,5,green
2,164,3,green
0,148,0,green
1,149,1,green
1,151,2,green
3,151,1,green
1,149,1,green
2,152,1,green
2,164,3,green
0,164,2,green
2,164,3,green
1,149,1,green
1,149,1,green
1,149,1,green
2,150,2,green
1,149,1,green
2,152,3,green
0,165,0,green
1,161,0,green
2,164,1,green
